﻿holder_name,holding_companies_count,total_holding_records,avg_hold_ratio,max_hold_ratio,hold_ratio_stddev,earliest_holding_date,latest_holding_date,investment_years_approx,herfindahl_index,concentration_level,holding_preference
BONY A/C MIF-MATTHEWS DRAGON CENTURY CHINA FUND,1,1,0.94,0.94,,2004-06-30,2004-06-30,0,1.0,高度集中,轻仓型
BRMUDA TRUST(FAR EAST)LTD.,1,1,1.2,1.2,,1993-12-31,1993-12-31,0,1.0,高度集中,中度持仓
CBNY S/A PNC/SKANDIA SELECT FUND/CHINA EQUITY AC,1,2,0.625,0.72,0.1344,2000-12-31,2001-06-30,1,1.0,高度集中,轻仓型
CHARM YIELD INVESTMENT LIMITED,1,7,1.0629,1.69,0.3823,1993-05-05,2002-09-30,9,1.0,高度集中,中度持仓
CHARM YIELD INVESTMENT LTD.,1,2,1.6,1.7,0.1414,1993-12-31,1993-12-31,0,1.0,高度集中,中度持仓
CHEEROLL LIMITED,1,1,1.27,1.27,,1993-05-05,1993-05-05,0,1.0,高度集中,中度持仓
CHEMICAL BANK,1,1,1.8,1.8,,1993-12-31,1993-12-31,0,1.0,高度集中,中度持仓
CITIGROUP GLOBAL MARKETS LIMITED,1,1,0.65,0.65,,2008-06-30,2008-06-30,0,1.0,高度集中,轻仓型
CLSA LIMITED,1,4,1.88,2.06,0.147,2005-12-31,2007-06-30,2,1.0,高度集中,中度持仓
CREDIT LYONNAIS SECURITIES (ASIA) LTD,1,2,2.48,2.71,0.3253,2002-09-30,2004-12-31,2,1.0,高度集中,中度持仓
CREDIT LYONNAIS SECURITIES (ASIA) LTD.,1,1,2.71,2.71,,2001-12-31,2001-12-31,0,1.0,高度集中,中度持仓
CREDIT LYONNAIS SECURITIES(ASIA )LTD,1,1,2.76,2.76,,2001-06-30,2001-06-30,0,1.0,高度集中,中度持仓
CREDIT LYONNAIS SECURITIES(ASIA) LTD,1,7,2.5071,2.71,0.2083,2000-12-31,2005-06-30,5,1.0,高度集中,中度持仓
GIC PRIVATE LIMITED,1,6,1.315,1.42,0.1528,2014-06-30,2015-07-03,1,1.0,高度集中,中度持仓
HKSCC NOMINEES LIMITED,1,1,16.3,16.3,,2020-12-31,2020-12-31,0,1.0,高度集中,重仓型
HOLY TIME GROUP LIMITED,1,8,1.0412,1.14,0.0788,2001-06-30,2004-06-30,3,1.0,高度集中,中度持仓
HTHK/CMG FSGUFP-CMG FIRST STATE CHINA GROWTH FD,1,11,0.8436,1.01,0.1052,2009-06-30,2014-03-31,5,1.0,高度集中,轻仓型
MERRILL LYNCH INTERNATIONAL,1,3,0.91,1.12,0.3051,2015-03-31,2015-07-03,0,1.0,高度集中,轻仓型
MORGAN STANLEY & CO. INTERNATIONAL PLC,2,4,0.8625,1.1,0.1797,2009-12-31,2012-12-31,3,1.0,高度集中,轻仓型
"Newbridge Asia AIV Ⅲ,L.P.",1,18,17.1761,17.89,0.5867,2004-12-30,2009-12-31,5,1.0,高度集中,重仓型
REXMORE COMPANY LIMITED,1,1,1.65,1.65,,2000-12-31,2000-12-31,0,1.0,高度集中,中度持仓
SMART HILL INVESTMENT LIMITED,1,1,1.69,1.69,,1993-05-05,1993-05-05,0,1.0,高度集中,中度持仓
SMART HILL INVESTMENT LTD.,1,1,1.7,1.7,,1993-12-31,1993-12-31,0,1.0,高度集中,中度持仓
TEMPLETON DEVELOPING MRTS TRUST,1,1,2.29,2.29,,1996-12-31,1996-12-31,0,1.0,高度集中,中度持仓
"TEMPLETON DRAGON FUND,INC.",1,1,1.45,1.45,,1996-12-31,1996-12-31,0,1.0,高度集中,中度持仓
TOYO SECURITIES ASIA LIMITED-A/C CLIENT.,1,11,0.9755,1.5,0.2645,2005-12-31,2011-06-30,6,1.0,高度集中,轻仓型
TOYO SECURITIES ASIA LIMITEDA/C CLIENT.,1,1,0.91,0.91,,2008-12-31,2008-12-31,0,1.0,高度集中,轻仓型
TOYO SECURITIES ASIA LITMITED -A/C CLIENT,1,1,1.64,1.64,,2004-06-30,2004-06-30,0,1.0,高度集中,中度持仓
TOYO SECURITIES ASIA LITMITED-A/C CLIENT,1,3,1.46,1.71,0.4073,2003-06-30,2005-06-30,2,1.0,高度集中,中度持仓
TOYO SECURITIES ASIALITMITED-A/C CLIENT,1,1,1.06,1.06,,2003-12-31,2003-12-31,0,1.0,高度集中,中度持仓
UBS AG,1,16,0.9088,1.9,0.3649,2006-12-08,2018-09-30,12,1.0,高度集中,轻仓型
YAMAICHI INTERNATIONAL (HK)LTD,1,1,1.36,1.36,,1993-05-05,1993-05-05,0,1.0,高度集中,中度持仓
万科企业职工集体股,1,3,2.08,2.16,0.1131,1992-12-31,1993-12-31,1,1.0,高度集中,中度持仓
万科企业股份有限公司工会委员会,1,16,0.7594,0.93,0.1566,2000-12-31,2015-07-03,15,1.0,高度集中,轻仓型
三亚盈湾旅业有限公司,1,1,0.54,0.54,,2010-12-31,2010-12-31,0,1.0,高度集中,轻仓型
上海万国证券公司,1,1,,,,1992-12-31,1992-12-31,0,0.0,高度集中,轻仓型
上海南都伟峰投资管理有限公司,1,5,1.132,1.15,0.0239,2006-12-22,2007-12-31,1,1.0,高度集中,中度持仓
上海国智置业发展有限公司,1,2,0.58,0.59,0.0141,2002-09-30,2002-12-31,0,1.0,高度集中,轻仓型
上海浦东发展银行-广发小盘成长股票型证券投资基金,1,9,1.3522,1.63,0.242,2007-11-06,2010-12-31,3,1.0,高度集中,中度持仓
上海海通证券深圳业务部,1,1,3.87,3.87,,2000-12-31,2000-12-31,0,1.0,高度集中,中度持仓
上海远东证券有限公司,1,1,0.91,0.91,,2006-06-30,2006-06-30,0,1.0,高度集中,轻仓型
上海高毅资产管理合伙企业(有限合伙)-高毅晓峰2号致信基金,1,1,0.29,0.29,,2019-03-31,2019-03-31,0,1.0,高度集中,轻仓型
东方证券股份有限公司客户信用交易担保证券账户,1,3,1.24,1.53,0.3306,2012-06-30,2013-03-31,1,1.0,高度集中,中度持仓
东方证券股份有限公司约定购回专用账户,1,3,0.79,0.79,0.0,2014-03-31,2014-09-30,0,1.0,高度集中,轻仓型
东海瑞京资管-浦发银行-东海瑞京-浦发银行-瑞龙18号专项资产管理计划,1,4,0.52,0.52,0.0,2016-06-30,2017-03-31,1,1.0,高度集中,轻仓型
中信信托有限责任公司-中信信托锐进43期高毅晓峰投资集合资金信托计划,1,2,0.36,0.39,0.0424,2019-03-31,2019-06-30,0,1.0,高度集中,轻仓型
中信经典配置证券投资基金,1,2,2.02,2.02,0.0,2004-12-31,2005-06-30,1,1.0,高度集中,中度持仓
中信证券-中信银行-中信证券卓越成长两年持有期混合型集合资产管理计划,1,3,0.2733,0.32,0.0416,2021-09-30,2022-03-31,1,1.0,高度集中,轻仓型
中信证券股份有限公司,1,1,2.7,2.7,,2015-09-30,2015-09-30,0,1.0,高度集中,中度持仓
中信证券股份有限公司客户信用交易担保证券账户,1,2,0.94,1.31,0.5233,2012-12-31,2013-03-31,1,1.0,高度集中,轻仓型
中国人寿保险(集团)公司-传统-普通保险产品,1,6,0.665,0.74,0.0554,2007-09-05,2015-07-03,8,1.0,高度集中,轻仓型
中国人寿保险股份有限公司-传统-普通保险产品-005L-CT001深,2,17,0.8035,1.01,0.1513,2009-06-30,2022-06-30,13,1.0,高度集中,轻仓型
中国人寿保险股份有限公司-分红-个人分红-005L-FH002深,2,33,1.2445,2.04,0.4422,2006-06-30,2021-09-30,15,1.0,高度集中,中度持仓
中国人寿保险股份有限公司-分红－个人分红-005L-FH002深,1,1,1.42,1.42,,2006-12-08,2006-12-08,0,1.0,高度集中,中度持仓
中国人寿保险股份有限公司－传统－普通保险产品,1,1,0.83,0.83,,2006-12-08,2006-12-08,0,1.0,高度集中,轻仓型
中国人寿保险股份有限公司－分红－个人分红-005L-FH002深,1,1,1.29,1.29,,2006-12-22,2006-12-22,0,1.0,高度集中,中度持仓
中国人民保险公司深圳市分公司工会工作委员会,1,2,0.34,0.34,0.0,2004-12-31,2005-06-30,1,1.0,高度集中,轻仓型
中国光大银行股份有限公司-光大保德信量化核心证券投资基金,1,6,1.3317,1.4,0.0679,2007-11-06,2008-07-02,1,1.0,高度集中,中度持仓
中国光大银行股份有限公司-兴全商业模式优选混合型证券投资基金(LOF),1,1,0.3,0.3,,2021-03-31,2021-03-31,0,1.0,高度集中,轻仓型
中国农业银行-中邮核心成长股票型证券投资基金,1,2,1.11,1.11,0.0,2008-06-30,2008-07-02,0,1.0,高度集中,中度持仓
中国农业银行-富国天瑞强势地区精选混合型开放式证券投资基金,1,9,1.0489,1.42,0.2964,2009-06-30,2011-12-31,2,1.0,高度集中,中度持仓
中国农业银行-景顺长城内需增长贰号股票型证券投资基金,1,1,0.96,0.96,,2006-12-31,2006-12-31,0,1.0,高度集中,轻仓型
中国农业银行-长盛同德主题增长股票型证券投资基金,1,1,0.96,0.96,,2008-12-31,2008-12-31,0,1.0,高度集中,轻仓型
中国农业银行深圳分行工会,1,3,0.8,0.8,0.0,2002-12-31,2004-12-31,2,1.0,高度集中,轻仓型
中国农业银行深圳市分行工会,1,2,0.8,0.8,0.0,2003-06-30,2004-06-30,1,1.0,高度集中,轻仓型
中国农业银行深圳市分行工会工作委员会,1,4,0.8,0.8,0.0,2005-06-30,2006-12-31,1,1.0,高度集中,轻仓型
中国华润总公司,1,6,12.37,12.37,0.0,2000-12-31,2002-12-31,2,1.0,高度集中,重仓型
中国太平洋人寿保险股份有限公司-传统-普通保险产品,1,5,1.734,2.64,0.6515,2007-06-30,2008-12-31,1,1.0,高度集中,中度持仓
中国太平洋人寿保险股份有限公司-分红-个人分红,1,1,0.75,0.75,,2014-03-31,2014-03-31,0,1.0,高度集中,轻仓型
中国工商银行-南方成份精选股票型证券投资基金,1,1,0.57,0.57,,2012-12-31,2012-12-31,0,1.0,高度集中,轻仓型
中国工商银行-南方绩优成长股票型证券投资基金,1,1,1.05,1.05,,2009-06-30,2009-06-30,0,1.0,高度集中,中度持仓
中国工商银行-博时精选股票证券投资基金,1,5,1.336,2.0,0.6628,2007-06-08,2013-06-30,6,1.0,高度集中,中度持仓
中国工商银行-广发大盘成长混合型证券投资基金,1,4,1.25,1.32,0.0698,2007-11-06,2008-05-15,1,1.0,高度集中,中度持仓
中国工商银行-广发策略优选混合型证券投资基金,1,8,1.2012,1.42,0.2259,2006-12-31,2008-07-02,2,1.0,高度集中,中度持仓
中国工商银行-普丰证券投资基金,1,1,0.4,0.4,,2005-12-31,2005-12-31,0,1.0,高度集中,轻仓型
中国工商银行-景顺长城新兴成长股票型证券投资基金,1,1,1.01,1.01,,2006-12-31,2006-12-31,0,1.0,高度集中,中度持仓
中国工商银行-景顺长城精选蓝筹股票型证券投资基金,1,2,1.245,1.4,0.2192,2007-11-06,2008-12-31,1,1.0,高度集中,中度持仓
中国工商银行-融通深证100指数证券投资基金,2,23,0.697,1.06,0.2492,2007-06-30,2014-12-31,7,1.0,高度集中,轻仓型
中国工商银行-诺安平衡证券投资基金,1,1,0.88,0.88,,2007-06-08,2007-06-08,0,1.0,高度集中,轻仓型
中国工商银行股份有限公司-平安中证粤港澳大湾区发展主题交易型开放式指数证券投资基金,1,1,1.51,1.51,,2019-09-30,2019-09-30,0,1.0,高度集中,中度持仓
中国平安人寿保险股份有限公司,1,1,4.86,4.86,,2008-12-31,2008-12-31,0,1.0,高度集中,中度持仓
中国平安人寿保险股份有限公司-传统-普通保险产品,1,53,2.7262,4.57,0.789,2008-05-15,2022-06-30,14,1.0,高度集中,中度持仓
中国平安人寿保险股份有限公司-自有资金,1,47,6.8523,10.89,1.4794,2010-06-28,2022-06-30,12,1.0,高度集中,重仓型
中国平安保险(集团)股份有限公司,1,2,90.75,90.75,0.0,2009-12-31,2010-12-31,1,1.0,高度集中,重仓型
中国平安保险(集团)股份有限公司-集团本级-自有资金,1,49,43.7284,50.2,11.9427,2010-05-08,2022-06-30,12,1.0,高度集中,重仓型
中国平安保险公司,1,1,,,,1992-12-31,1992-12-31,0,0.0,高度集中,轻仓型
中国建设银行-博时主题行业股票证券投资基金,2,13,1.0231,1.71,0.4058,2007-12-31,2015-03-31,8,1.0,高度集中,中度持仓
中国建设银行-博时裕富证券投资基金,1,1,0.37,0.37,,2005-06-30,2005-06-30,0,1.0,高度集中,轻仓型
中国建设银行股份有限公司-华安聚优精选混合型证券投资基金,1,1,0.34,0.34,,2020-09-30,2020-09-30,0,1.0,高度集中,轻仓型
中国建设银行股份有限公司-鹏华中证银行指数分级证券投资基金,1,1,0.52,0.52,,2015-06-30,2015-06-30,0,1.0,高度集中,轻仓型
中国新技术创业投资公司,1,3,2.385,2.4,0.0212,1992-12-31,1993-12-31,1,1.0,高度集中,中度持仓
中国民生银行-银华深证100指数分级证券投资基金,2,11,0.7382,1.06,0.2096,2012-12-31,2014-03-31,2,1.0,高度集中,轻仓型
中国民生银行股份有限公司-银华深证100指数分级证券投资基金,2,4,0.7025,0.92,0.229,2014-06-30,2014-09-30,0,1.0,高度集中,轻仓型
中国证券金融股份有限公司,2,45,2.2082,2.99,0.6747,2015-09-30,2022-06-30,7,1.0,高度集中,中度持仓
中国银河证券股份有限公司,1,2,3.065,3.07,0.0071,2015-08-21,2015-09-30,0,1.0,高度集中,中度持仓
中国银行-华夏回报证券投资基金,1,1,1.05,1.05,,2004-06-30,2004-06-30,0,1.0,高度集中,中度持仓
中国银行-嘉实主题精选混合型证券投资基金,1,1,0.7,0.7,,2012-06-30,2012-06-30,0,1.0,高度集中,轻仓型
中国银行-易方达平稳增长证券投资基金,1,1,0.91,0.91,,2004-06-30,2004-06-30,0,1.0,高度集中,轻仓型
中国银行-易方达深证100交易型开放式指数证券投资基金,2,23,0.9004,1.61,0.3704,2006-06-30,2014-03-31,8,1.0,高度集中,轻仓型
中国银行股份有限公司-易方达优质精选混合型证券投资基金,1,1,0.32,0.32,,2021-09-30,2021-09-30,0,1.0,高度集中,轻仓型
中国银行股份有限公司-易方达蓝筹精选混合型证券投资基金,1,5,0.762,1.03,0.2331,2021-03-31,2022-03-31,1,1.0,高度集中,轻仓型
中央汇金投资有限责任公司,1,1,1.26,1.26,,2015-09-30,2015-09-30,0,1.0,高度集中,中度持仓
中央汇金资产管理有限责任公司,2,36,1.41,1.72,0.2289,2015-12-31,2022-06-30,7,1.0,高度集中,中度持仓
中欧基金-农业银行-中欧中证金融资产管理计划,1,1,0.37,0.37,,2017-09-30,2017-09-30,0,1.0,高度集中,轻仓型
中电深圳工贸投资公司,1,3,4.01,4.01,0.0,1997-06-30,1998-06-30,1,1.0,高度集中,中度持仓
交通银行-易方达50指数证券投资基金,1,5,0.296,0.32,0.0251,2018-12-31,2020-06-30,2,1.0,高度集中,轻仓型
交通银行股份有限公司-易方达上证50指数增强型证券投资基金,1,3,0.3167,0.32,0.0058,2021-12-31,2022-06-30,1,1.0,高度集中,轻仓型
全国社保基金一一七组合,1,9,0.3522,0.49,0.0804,2019-12-31,2021-12-31,2,1.0,高度集中,轻仓型
全国社保基金一一零组合,1,6,0.8833,1.16,0.2156,2010-12-31,2012-12-31,2,1.0,高度集中,轻仓型
全国社保基金一零三组合,2,8,0.6725,0.98,0.232,2011-06-30,2014-12-31,3,1.0,高度集中,轻仓型
全国社保基金一零九组合,1,1,0.31,0.31,,2015-03-31,2015-03-31,0,1.0,高度集中,轻仓型
全国社保基金一零二组合,1,4,0.4175,0.44,0.0287,2015-03-31,2015-12-31,0,1.0,高度集中,轻仓型
全国社保基金一零四组合,1,5,0.388,0.47,0.0746,2014-09-30,2019-09-30,5,1.0,高度集中,轻仓型
全国社保基金零零一组合,1,1,0.77,0.77,,2005-12-31,2005-12-31,0,1.0,高度集中,轻仓型
兴业银行股份有限公司-兴全趋势投资混合型证券投资基金,1,3,0.62,0.68,0.052,2021-03-31,2021-12-31,0,1.0,高度集中,轻仓型
兴业银行股份有限公司-工银瑞信金融地产行业股票型证券投资基金,1,1,0.32,0.32,,2015-03-31,2015-03-31,0,1.0,高度集中,轻仓型
兴亚集团控股有限公司,1,4,0.6525,1.1,0.3529,2013-06-30,2014-01-09,1,1.0,高度集中,轻仓型
兴华证券投资基金,1,2,1.26,1.37,0.1556,2004-12-31,2005-06-30,1,1.0,高度集中,中度持仓
内藤证券株式会社,1,9,0.8667,1.12,0.1935,2003-06-30,2008-06-30,5,1.0,高度集中,轻仓型
农业银行工会,1,1,1.0,1.0,,1997-06-30,1997-06-30,0,1.0,高度集中,轻仓型
农业银行深圳分行工会,1,11,0.9091,1.0,0.1044,1997-12-31,2002-09-30,5,1.0,高度集中,轻仓型
刘元生,1,45,1.5275,2.75,0.4523,1992-12-31,2015-08-21,23,1.0,高度集中,中度持仓
前海人寿保险股份有限公司,1,3,5.8633,6.66,0.832,2015-07-10,2015-08-26,0,1.0,高度集中,重仓型
前海人寿保险股份有限公司-海利年年,1,18,3.11,3.17,0.1124,2015-08-21,2019-09-30,4,1.0,高度集中,中度持仓
前海人寿保险股份有限公司-聚富产品,1,8,1.8962,1.98,0.1459,2015-08-21,2019-03-31,4,1.0,高度集中,中度持仓
前海人寿保险股份有限公司-自有资金,1,2,1.425,1.47,0.0636,2015-08-21,2019-06-30,4,1.0,高度集中,中度持仓
北京银行股份有限公司-景顺长城景颐双利债券型证券投资基金,1,1,0.23,0.23,,2022-06-30,2022-06-30,0,1.0,高度集中,轻仓型
华夏回报证券投资基金,1,1,2.02,2.02,,2004-12-31,2004-12-31,0,1.0,高度集中,中度持仓
华夏成长证券投资基金,2,3,1.1133,1.85,0.6483,2002-09-30,2004-12-31,2,1.0,高度集中,中度持仓
华安证券有限责任公司,1,5,1.934,2.53,0.7637,2001-12-31,2003-06-30,2,1.0,高度集中,中度持仓
华富基金-浦发银行-华富基金-浦发银行-吉渊投资定增2号资产管理计划,1,4,0.5,0.5,0.0,2015-06-30,2016-03-31,1,1.0,高度集中,轻仓型
华泰证券股份有限公司,1,2,1.74,2.09,0.495,2015-08-21,2015-09-30,0,1.0,高度集中,中度持仓
华润股份有限公司,1,46,14.3183,15.24,1.2473,2003-06-30,2016-12-31,13,1.0,高度集中,重仓型
南方东英资产管理有限公司-南方富时中国A50ETF,2,13,0.6185,1.26,0.2596,2013-09-30,2015-03-31,2,1.0,高度集中,轻仓型
南方基金-农业银行-南方中证金融资产管理计划,1,3,0.36,0.37,0.0173,2017-03-31,2017-12-31,0,1.0,高度集中,轻仓型
南方宝元债券型基金,1,1,0.59,0.59,,2003-06-30,2003-06-30,0,1.0,高度集中,轻仓型
南方成份精选股票型证券投资基金,1,2,0.92,0.94,0.0283,2007-06-30,2007-09-05,0,1.0,高度集中,轻仓型
南方稳健成长证券投资基金,1,1,1.48,1.48,,2005-12-31,2005-12-31,0,1.0,高度集中,中度持仓
南方绩优成长股票型证券投资基金,1,6,1.8833,2.61,0.6833,2006-12-08,2007-12-31,1,1.0,高度集中,中度持仓
南方避险增值基金,1,4,1.5325,2.07,0.4299,2005-12-31,2006-12-22,1,1.0,高度集中,中度持仓
南方高增长股票型开放式证券投资基金,1,2,1.175,1.2,0.0354,2006-12-22,2006-12-31,0,1.0,高度集中,中度持仓
南方高增长股票性开放式证券投资基金,1,1,0.89,0.89,,2006-12-08,2006-12-08,0,1.0,高度集中,轻仓型
博时主题行业股票证券投资基金,1,3,1.03,1.14,0.1819,2009-06-30,2011-12-31,2,1.0,高度集中,中度持仓
博时价值增长证券投资基金,1,12,1.015,1.67,0.2999,2003-12-31,2013-12-31,10,1.0,高度集中,中度持仓
博时价值增长贰号证券投资基金,1,1,0.67,0.67,,2008-12-31,2008-12-31,0,1.0,高度集中,轻仓型
博时新兴成长股票型证券投资基金,1,2,0.75,0.86,0.1556,2009-06-30,2009-12-31,0,1.0,高度集中,轻仓型
博时第三产业成长股票证券投资基金,1,4,0.7325,0.77,0.0386,2007-09-05,2009-12-31,2,1.0,高度集中,轻仓型
博时精选股票证券投资基金,1,1,0.97,0.97,,2005-06-30,2005-06-30,0,1.0,高度集中,轻仓型
博时裕富证券投资基金,1,2,0.39,0.4,0.0141,2003-12-31,2004-12-31,1,1.0,高度集中,轻仓型
同盛证券投资基金,1,3,0.9233,1.11,0.2205,2000-12-31,2003-12-31,3,1.0,高度集中,轻仓型
君安代理有限公司,1,6,0.955,1.13,0.1213,1996-12-31,2002-09-30,6,1.0,高度集中,轻仓型
嘉实稳健开放式证券投资基金,1,2,0.76,0.85,0.1273,2006-12-08,2007-12-31,1,1.0,高度集中,轻仓型
国信证券-工商银行-国信金鹏分级1号集合资产管理计划,1,31,3.9165,4.14,0.5206,2014-06-30,2021-06-30,7,1.0,高度集中,中度持仓
国信证券有限责任公司,1,4,0.99,1.05,0.0898,2006-12-22,2007-12-31,1,1.0,高度集中,轻仓型
国信证券股份有限公司客户信用交易担保证券账户,1,1,0.41,0.41,,2013-03-31,2013-03-31,0,1.0,高度集中,轻仓型
国债服务部,1,4,0.38,0.38,0.0,2003-06-30,2005-12-31,2,1.0,高度集中,轻仓型
国泰君安-建行-香港上海汇丰银行有限公司,1,2,0.915,1.15,0.3323,2005-12-31,2015-03-31,10,1.0,高度集中,轻仓型
国际金融-工行-CREDIT SUISSE(HONG KONG)LIMITED,1,1,0.85,0.85,,2007-06-08,2007-06-08,0,1.0,高度集中,轻仓型
"国际金融-汇丰-JPMORGAN CHASE BANK,NATIONAL ASSOCIATION",2,5,1.484,2.03,0.5493,2006-12-31,2008-12-31,2,1.0,高度集中,中度持仓
大家人寿保险股份有限公司-万能产品,1,2,1.555,2.13,0.8132,2020-06-30,2020-09-30,0,1.0,高度集中,中度持仓
天元证券投资基金,1,2,1.335,1.39,0.0778,2005-06-30,2005-12-31,0,1.0,高度集中,中度持仓
天治基金-民生银行-天治平安1号资产管理计划,1,3,0.5367,0.56,0.0321,2016-06-30,2016-12-31,0,1.0,高度集中,轻仓型
太平洋证券有限责任公司,1,1,0.64,0.64,,2006-06-30,2006-06-30,0,1.0,高度集中,轻仓型
孟常春,1,1,0.32,0.32,,1997-12-31,1997-12-31,0,1.0,高度集中,轻仓型
安本标准投资管理(亚洲)有限公司-安本标准-中国A股股票基金,1,1,0.26,0.26,,2020-12-31,2020-12-31,0,1.0,高度集中,轻仓型
安邦人寿保险股份有限公司-保守型投资组合,1,21,3.4095,6.73,1.7805,2015-12-31,2020-03-31,5,1.0,高度集中,中度持仓
安邦人寿保险股份有限公司-稳健型投资组合,1,2,2.13,2.13,0.0,2014-09-30,2014-12-31,0,1.0,高度集中,中度持仓
安邦财产保险股份有限公司-传统产品,1,13,2.3392,2.34,0.0028,2015-12-31,2018-09-30,3,1.0,高度集中,中度持仓
工银瑞信基金-农业银行-工银瑞信中证金融资产管理计划,1,3,0.37,0.37,0.0,2016-06-30,2017-03-31,1,1.0,高度集中,轻仓型
广发小盘成长股票型证券投资基金,1,1,0.61,0.61,,2008-06-30,2008-06-30,0,1.0,高度集中,轻仓型
广发聚丰股票型证券投资基金,1,1,1.03,1.03,,2008-06-30,2008-06-30,0,1.0,高度集中,中度持仓
广州市欣盛投资有限公司,1,2,4.77,4.77,0.0,2016-12-31,2017-03-31,1,1.0,高度集中,中度持仓
建信优化配置混合型证券投资基金,1,1,0.69,0.69,,2009-06-30,2009-06-30,0,1.0,高度集中,轻仓型
建设银行深圳分行工会,1,9,0.4289,0.46,0.0468,1997-12-31,2001-12-31,4,1.0,高度集中,轻仓型
张绍红,1,6,0.3783,0.42,0.0354,1998-06-30,2000-12-31,2,1.0,高度集中,轻仓型
德隆国际战略投资有限公司,1,9,1.28,1.28,0.0,2001-06-30,2004-12-31,3,1.0,高度集中,中度持仓
恒泰证券有限责任公司,1,1,0.74,0.74,,2006-12-31,2006-12-31,0,1.0,高度集中,轻仓型
招商财富-招商银行-德赢1号专项资产管理计划,1,29,2.2997,2.99,0.8236,2015-08-21,2022-06-30,7,1.0,高度集中,中度持仓
招商银行股份有限公司-光大保德信优势配置股票型证券投资基金,1,1,0.62,0.62,,2014-06-30,2014-06-30,0,1.0,高度集中,轻仓型
招商银行股份有限公司-兴全合宜灵活配置混合型证券投资基金(LOF),1,1,0.28,0.28,,2021-06-30,2021-06-30,0,1.0,高度集中,轻仓型
招商银行股份有限公司-兴全合润混合型证券投资基金,1,2,0.4,0.45,0.0707,2021-03-31,2021-06-30,0,1.0,高度集中,轻仓型
新华人寿保险股份有限公司-分红-个人分红-0 18L-FH002深,1,1,0.29,0.29,,2018-12-31,2018-12-31,0,1.0,高度集中,轻仓型
新华人寿保险股份有限公司-分红-个人分红-018L-FH002深,2,12,0.595,1.48,0.451,2013-09-30,2022-06-30,9,1.0,高度集中,轻仓型
昆明国投,1,1,0.34,0.34,,1997-06-30,1997-06-30,0,1.0,高度集中,轻仓型
易方达价值成长混合型证券投资基金,1,1,0.69,0.69,,2008-12-31,2008-12-31,0,1.0,高度集中,轻仓型
易方达平稳增长证券投资基金,1,2,1.06,1.06,0.0,2006-12-22,2006-12-31,0,1.0,高度集中,中度持仓
易方达深证100交易型开放式指数证券投资基金,1,3,1.2167,1.44,0.2303,2010-06-30,2011-12-31,1,1.0,高度集中,中度持仓
易方达深证100交易型开放式指数证券投资基金(易方证基(2006)20),1,1,0.67,0.67,,2009-12-31,2009-12-31,0,1.0,高度集中,轻仓型
易方达深证100交易型开放式指数证券投资基金(易方证基(2009)947),1,1,0.79,0.79,,2009-12-31,2009-12-31,0,1.0,高度集中,轻仓型
易方达资产-浦发银行-易方达资产-浦发银行-吉渊投资定增1号资产管理计划,1,4,0.5,0.5,0.0,2015-06-30,2016-03-31,1,1.0,高度集中,轻仓型
普丰证券投资基金,2,3,0.6367,0.84,0.2554,2004-06-30,2006-06-30,2,1.0,高度集中,轻仓型
普惠证券投资基金,1,1,0.67,0.67,,2002-06-30,2002-06-30,0,1.0,高度集中,轻仓型
景宏证券投资基金,1,3,0.7933,0.88,0.0777,2002-06-30,2002-12-31,0,1.0,高度集中,轻仓型
景福证券投资基金,1,5,1.17,1.66,0.3415,2002-06-30,2006-06-30,4,1.0,高度集中,中度持仓
汇添富均衡增长股票型证券投资基金,1,1,0.78,0.78,,2007-12-31,2007-12-31,0,1.0,高度集中,轻仓型
河南鸿宝企业管理有限公司,1,7,0.5014,0.57,0.0944,2019-06-30,2020-12-31,1,1.0,高度集中,轻仓型
河南鸿宝集团有限公司,1,6,0.5533,0.59,0.0505,2017-12-31,2019-03-31,2,1.0,高度集中,轻仓型
泰和证券投资基金,1,1,0.79,0.79,,2001-12-31,2001-12-31,0,1.0,高度集中,轻仓型
泰达宏利基金-民生银行-泰达宏利价值成长定向增发193号资产管理计划,1,3,0.24,0.24,0.0,2018-03-31,2018-09-30,0,1.0,高度集中,轻仓型
海南省证券公司,1,3,1.075,1.1,0.0354,1992-12-31,1996-12-31,4,1.0,高度集中,中度持仓
海南省证券公司营业部,1,2,1.23,1.23,,1992-12-31,1993-05-05,1,1.0,高度集中,中度持仓
海通证券有限公司,1,2,2.195,2.29,0.1344,2001-06-30,2001-12-31,0,1.0,高度集中,中度持仓
海通证券股份有限公司,1,31,1.5223,1.82,0.2686,2002-06-30,2012-06-30,10,1.0,高度集中,中度持仓
深圳中电投资股份有限公司,1,77,2.0074,4.01,1.0949,1998-12-31,2022-06-30,24,1.0,高度集中,中度持仓
深圳国债服务中心,1,12,0.4317,0.47,0.0475,1997-06-30,2004-12-31,7,1.0,高度集中,轻仓型
深圳国际信托投资公司,1,15,6.2627,6.87,0.5864,1997-06-30,2003-12-31,6,1.0,高度集中,重仓型
深圳国际信托投资有限责任公司,1,1,5.77,5.77,,2004-06-30,2004-06-30,0,1.0,高度集中,重仓型
深圳城建集团,1,3,1.66,1.66,0.0,1997-06-30,1998-06-30,1,1.0,高度集中,中度持仓
深圳市上步实业股份有限公司,1,2,0.2,0.2,0.0,2009-12-31,2010-12-31,1,1.0,高度集中,轻仓型
深圳市众业经济发展中心,1,2,0.49,0.49,0.0,2009-12-31,2010-12-31,1,1.0,高度集中,轻仓型
深圳市保险公司,1,7,0.4057,0.41,0.0053,1997-06-30,2000-06-30,3,1.0,高度集中,轻仓型
深圳市劳动和社会保障局,1,1,4.02,4.02,,2004-06-30,2004-06-30,0,1.0,高度集中,中度持仓
深圳市千泰安投资发展有限公司,1,2,0.16,0.16,0.0,2009-12-31,2010-12-31,1,1.0,高度集中,轻仓型
深圳市南油开发建设有限公司,1,1,0.55,0.55,,2009-12-31,2009-12-31,0,1.0,高度集中,轻仓型
深圳市地铁集团有限公司,1,27,27.6452,29.38,3.6136,2017-01-24,2022-06-30,5,1.0,高度集中,重仓型
深圳市城建开发集团公司,1,13,1.4215,1.65,0.1585,1998-12-31,2004-06-30,6,1.0,高度集中,中度持仓
深圳市宏业科技实业有限公司,1,9,1.2178,1.3,0.1333,2005-06-30,2008-12-31,3,1.0,高度集中,中度持仓
深圳市家乐实业发展公司,1,2,0.15,0.15,0.0,2009-12-31,2010-12-31,1,1.0,高度集中,轻仓型
深圳市建设银行工会,1,3,0.37,0.37,0.0,2004-12-31,2005-12-31,1,1.0,高度集中,轻仓型
深圳市投资管理公司,2,21,7.695,10.45,3.0195,1992-12-31,2005-06-30,13,1.0,高度集中,重仓型
深圳市教育发展基金会,1,2,0.385,0.39,0.0071,2009-12-31,2010-12-31,1,1.0,高度集中,轻仓型
深圳市正顺资本控股有限公司,1,3,0.62,0.62,0.0,2016-12-31,2017-09-30,1,1.0,高度集中,轻仓型
深圳市深大通信股份有限公司,1,1,0.35,0.35,,2010-12-31,2010-12-31,0,1.0,高度集中,轻仓型
深圳市社会保险公司,1,5,4.02,4.02,0.0,2002-06-30,2003-12-31,1,1.0,高度集中,中度持仓
深圳市社会保险管理局,1,10,4.493,4.71,0.3265,1997-06-30,2001-12-31,4,1.0,高度集中,中度持仓
深圳市钜盛华股份有限公司,1,24,7.6947,8.39,1.7679,2015-12-31,2020-03-31,5,1.0,高度集中,重仓型
深圳平安保险公司,1,1,4.15,4.15,,1996-12-31,1996-12-31,0,1.0,高度集中,中度持仓
深圳建设银行工会,1,1,0.46,0.46,,1997-06-30,1997-06-30,0,1.0,高度集中,轻仓型
深圳新一代实业有限公司,1,3,6.5,6.5,0.0,1992-12-31,1993-12-31,1,1.0,高度集中,重仓型
深圳景汇实业公司,1,2,0.2,0.2,0.0,2009-12-31,2010-12-31,1,1.0,高度集中,轻仓型
深圳深大通信股份有限公司,1,1,0.35,0.35,,2009-12-31,2009-12-31,0,1.0,高度集中,轻仓型
深圳盈嘉众实业合伙企业(有限合伙),1,5,3.426,3.77,0.7692,2021-06-30,2022-06-30,1,1.0,高度集中,中度持仓
深圳盈安财务顾问企业(有限合伙),1,5,0.952,1.05,0.2191,2020-12-31,2022-06-30,2,1.0,高度集中,轻仓型
深圳经济特区发展(集团)公司,1,1,6.42,6.42,,1996-12-31,1996-12-31,0,1.0,高度集中,重仓型
深圳金融界老干部联谊会,1,2,0.47,0.47,0.0,2009-12-31,2010-12-31,1,1.0,高度集中,轻仓型
深铁集团,1,1,27.89,27.89,,2022-06-30,2022-06-30,0,1.0,高度集中,重仓型
添发庆丰(常州)发展有限公司,1,1,4.93,4.93,,1996-12-31,1996-12-31,0,1.0,高度集中,中度持仓
清华大学教育基金会,1,1,0.45,0.45,,2022-03-31,2022-03-31,0,1.0,高度集中,轻仓型
瑞银资产管理(新加坡)有限公司-瑞银卢森堡投资SICAV,1,1,0.24,0.24,,2022-06-30,2022-06-30,0,1.0,高度集中,轻仓型
申银万国-花旗-UBS LIMITED,1,2,1.27,1.29,0.0283,2005-12-31,2006-06-30,1,1.0,高度集中,中度持仓
申银万国证券股份有限公司,1,2,1.47,1.57,0.1414,2002-12-31,2003-06-30,1,1.0,高度集中,中度持仓
盈嘉众合伙企业,1,1,3.77,3.77,,2022-06-30,2022-06-30,0,1.0,高度集中,中度持仓
盈安合伙企业,1,1,1.05,1.05,,2022-06-30,2022-06-30,0,1.0,高度集中,中度持仓
葛卫东,1,15,1.5227,2.4,0.5287,2013-06-30,2016-09-30,3,1.0,高度集中,中度持仓
蛇口社会保险公司,1,1,,,,1992-12-31,1992-12-31,0,0.0,高度集中,轻仓型
融通新蓝筹证券投资基金,1,5,1.714,1.93,0.2326,2007-11-06,2009-12-31,2,1.0,高度集中,中度持仓
融通深证100指数证券投资基金,1,8,0.8262,0.95,0.0977,2007-06-30,2011-12-31,4,1.0,高度集中,轻仓型
裕阳证券投资基金,1,1,0.45,0.45,,2002-12-31,2002-12-31,0,1.0,高度集中,轻仓型
裕隆证券投资基金,1,2,0.98,1.03,0.0707,2001-06-30,2001-12-31,0,1.0,高度集中,轻仓型
西部利得基金-建设银行-西部利得金裕1号资产管理计划,1,10,2.04,2.04,0.0,2015-12-31,2018-06-30,3,1.0,高度集中,中度持仓
诺安股票证券投资基金,1,1,0.72,0.72,,2007-09-05,2007-09-05,0,1.0,高度集中,轻仓型
通乾证券投资基金,1,1,0.77,0.77,,2006-06-30,2006-06-30,0,1.0,高度集中,轻仓型
银华优质增长股票性证券投资基金,1,1,1.01,1.01,,2006-12-08,2006-12-08,0,1.0,高度集中,中度持仓
银河-渣打-CITIGROUP GLOBAL MARKETS LIMITED,1,2,0.56,0.68,0.1697,2005-12-31,2006-06-30,1,1.0,高度集中,轻仓型
银河资本-渤海银行-银河资本-银河2号资产管理计划,1,1,0.34,0.34,,2015-06-30,2015-06-30,0,1.0,高度集中,轻仓型
阳光人寿保险股份有限公司-分红保险产品,1,2,0.41,0.43,0.0283,2016-03-31,2016-09-30,0,1.0,高度集中,轻仓型
陕西证券有限公司,1,2,0.58,0.58,0.0,2000-12-31,2002-12-31,2,1.0,高度集中,轻仓型
香港中央结算(代理人)有限公司,1,44,13.0382,16.35,1.7345,2014-06-30,2022-06-30,8,1.0,高度集中,重仓型
香港中央结算有限公司(陆股通),2,35,5.3997,11.39,2.9986,2017-09-30,2022-06-30,5,1.0,高度集中,重仓型
"高华-汇丰-GOLDMAN,SACHS & CO",2,4,0.9,1.26,0.2753,2007-06-08,2013-06-30,6,1.0,高度集中,轻仓型
"高华-汇丰-GOLDMAN,SACHS&CO",1,1,0.62,0.62,,2013-09-30,2013-09-30,0,1.0,高度集中,轻仓型
鹏华行业成长证券投资基金,1,1,0.7,0.7,,2002-06-30,2002-06-30,0,1.0,高度集中,轻仓型
