﻿holder_name,market_category,companies_in_sector,total_hold_ratio_in_sector,total_companies,total_hold_ratio,company_percentage,ratio_percentage
BONY A/C MIF-MATTHEWS DRAGON CENTURY CHINA FUND,主板,1,0.94,1,0.94,100.0,100.0
BRMUDA TRUST(FAR EAST)LTD.,主板,1,1.2,1,1.2,100.0,100.0
CBNY S/A PNC/SKANDIA SELECT FUND/CHINA EQUITY AC,主板,1,1.25,1,1.25,100.0,100.0
CHARM YIELD INVESTMENT LIMITED,主板,1,7.4399999999999995,1,7.4399999999999995,100.0,100.0
CHARM YIELD INVESTMENT LTD.,主板,1,3.2,1,3.2,100.0,100.0
CHEEROLL LIMITED,主板,1,1.27,1,1.27,100.0,100.0
CHEMICAL BANK,主板,1,1.8,1,1.8,100.0,100.0
CITIGROUP GLOBAL MARKETS LIMITED,主板,1,0.65,1,0.65,100.0,100.0
CLSA LIMITED,主板,1,7.52,1,7.52,100.0,100.0
CREDIT LYONNAIS SECURITIES (ASIA) LTD,主板,1,4.96,1,4.96,100.0,100.0
CREDIT LYONNAIS SECURITIES (ASIA) LTD.,主板,1,2.71,1,2.71,100.0,100.0
CREDIT LYONNAIS SECURITIES(ASIA )LTD,主板,1,2.76,1,2.76,100.0,100.0
CREDIT LYONNAIS SECURITIES(ASIA) LTD,主板,1,17.55,1,17.55,100.0,100.0
GIC PRIVATE LIMITED,主板,1,7.89,1,7.89,100.0,100.0
HKSCC NOMINEES LIMITED,主板,1,16.3,1,16.3,100.0,100.0
HOLY TIME GROUP LIMITED,主板,1,8.33,1,8.33,100.0,100.0
HTHK/CMG FSGUFP-CMG FIRST STATE CHINA GROWTH FD,主板,1,9.28,1,9.28,100.0,100.0
MERRILL LYNCH INTERNATIONAL,主板,1,2.7300000000000004,1,2.7300000000000004,100.0,100.0
MORGAN STANLEY & CO. INTERNATIONAL PLC,主板,2,3.45,2,3.45,100.0,100.0
"Newbridge Asia AIV Ⅲ,L.P.",主板,1,309.17,1,309.17,100.0,100.0
REXMORE COMPANY LIMITED,主板,1,1.65,1,1.65,100.0,100.0
SMART HILL INVESTMENT LIMITED,主板,1,1.69,1,1.69,100.0,100.0
SMART HILL INVESTMENT LTD.,主板,1,1.7,1,1.7,100.0,100.0
TEMPLETON DEVELOPING MRTS TRUST,主板,1,2.29,1,2.29,100.0,100.0
"TEMPLETON DRAGON FUND,INC.",主板,1,1.45,1,1.45,100.0,100.0
TOYO SECURITIES ASIA LIMITED-A/C CLIENT.,主板,1,10.73,1,10.73,100.0,100.0
TOYO SECURITIES ASIA LIMITEDA/C CLIENT.,主板,1,0.91,1,0.91,100.0,100.0
TOYO SECURITIES ASIA LITMITED -A/C CLIENT,主板,1,1.64,1,1.64,100.0,100.0
TOYO SECURITIES ASIA LITMITED-A/C CLIENT,主板,1,4.38,1,4.38,100.0,100.0
TOYO SECURITIES ASIALITMITED-A/C CLIENT,主板,1,1.06,1,1.06,100.0,100.0
UBS AG,主板,1,14.54,1,14.54,100.0,100.0
YAMAICHI INTERNATIONAL (HK)LTD,主板,1,1.36,1,1.36,100.0,100.0
万科企业职工集体股,主板,1,4.16,1,4.16,100.0,100.0
万科企业股份有限公司工会委员会,主板,1,12.15,1,12.15,100.0,100.0
三亚盈湾旅业有限公司,主板,1,0.54,1,0.54,100.0,100.0
上海万国证券公司,主板,1,0.0,1,0.0,100.0,
上海南都伟峰投资管理有限公司,主板,1,5.66,1,5.66,100.0,100.0
上海国智置业发展有限公司,主板,1,1.16,1,1.16,100.0,100.0
上海浦东发展银行-广发小盘成长股票型证券投资基金,主板,1,12.17,1,12.17,100.0,100.0
上海海通证券深圳业务部,主板,1,3.87,1,3.87,100.0,100.0
上海远东证券有限公司,主板,1,0.91,1,0.91,100.0,100.0
上海高毅资产管理合伙企业(有限合伙)-高毅晓峰2号致信基金,主板,1,0.29,1,0.29,100.0,100.0
东方证券股份有限公司客户信用交易担保证券账户,主板,1,3.72,1,3.72,100.0,100.0
东方证券股份有限公司约定购回专用账户,主板,1,2.37,1,2.37,100.0,100.0
东海瑞京资管-浦发银行-东海瑞京-浦发银行-瑞龙18号专项资产管理计划,主板,1,2.08,1,2.08,100.0,100.0
中信信托有限责任公司-中信信托锐进43期高毅晓峰投资集合资金信托计划,主板,1,0.72,1,0.72,100.0,100.0
中信经典配置证券投资基金,主板,1,4.04,1,4.04,100.0,100.0
中信证券-中信银行-中信证券卓越成长两年持有期混合型集合资产管理计划,主板,1,0.8200000000000001,1,0.8200000000000001,100.0,100.0
中信证券股份有限公司,主板,1,2.7,1,2.7,100.0,100.0
中信证券股份有限公司客户信用交易担保证券账户,主板,1,1.88,1,1.88,100.0,100.0
中国人寿保险(集团)公司-传统-普通保险产品,主板,1,3.99,1,3.99,100.0,100.0
中国人寿保险股份有限公司-传统-普通保险产品-005L-CT001深,主板,2,13.66,2,13.66,100.0,100.0
中国人寿保险股份有限公司-分红-个人分红-005L-FH002深,主板,2,41.07,2,41.07,100.0,100.0
中国人寿保险股份有限公司-分红－个人分红-005L-FH002深,主板,1,1.42,1,1.42,100.0,100.0
中国人寿保险股份有限公司－传统－普通保险产品,主板,1,0.83,1,0.83,100.0,100.0
中国人寿保险股份有限公司－分红－个人分红-005L-FH002深,主板,1,1.29,1,1.29,100.0,100.0
中国人民保险公司深圳市分公司工会工作委员会,主板,1,0.68,1,0.68,100.0,100.0
中国光大银行股份有限公司-光大保德信量化核心证券投资基金,主板,1,7.99,1,7.99,100.0,100.0
中国光大银行股份有限公司-兴全商业模式优选混合型证券投资基金(LOF),主板,1,0.3,1,0.3,100.0,100.0
中国农业银行-中邮核心成长股票型证券投资基金,主板,1,2.22,1,2.22,100.0,100.0
中国农业银行-富国天瑞强势地区精选混合型开放式证券投资基金,主板,1,9.44,1,9.44,100.0,100.0
中国农业银行-景顺长城内需增长贰号股票型证券投资基金,主板,1,0.96,1,0.96,100.0,100.0
中国农业银行-长盛同德主题增长股票型证券投资基金,主板,1,0.96,1,0.96,100.0,100.0
中国农业银行深圳分行工会,主板,1,2.4000000000000004,1,2.4000000000000004,100.0,100.0
中国农业银行深圳市分行工会,主板,1,1.6,1,1.6,100.0,100.0
中国农业银行深圳市分行工会工作委员会,主板,1,3.2,1,3.2,100.0,100.0
中国华润总公司,主板,1,74.22,1,74.22,100.0,100.0
中国太平洋人寿保险股份有限公司-传统-普通保险产品,主板,1,8.67,1,8.67,100.0,100.0
中国太平洋人寿保险股份有限公司-分红-个人分红,主板,1,0.75,1,0.75,100.0,100.0
中国工商银行-南方成份精选股票型证券投资基金,主板,1,0.57,1,0.57,100.0,100.0
中国工商银行-南方绩优成长股票型证券投资基金,主板,1,1.05,1,1.05,100.0,100.0
中国工商银行-博时精选股票证券投资基金,主板,1,6.68,1,6.68,100.0,100.0
中国工商银行-广发大盘成长混合型证券投资基金,主板,1,5.0,1,5.0,100.0,100.0
中国工商银行-广发策略优选混合型证券投资基金,主板,1,9.61,1,9.61,100.0,100.0
中国工商银行-普丰证券投资基金,主板,1,0.4,1,0.4,100.0,100.0
中国工商银行-景顺长城新兴成长股票型证券投资基金,主板,1,1.01,1,1.01,100.0,100.0
中国工商银行-景顺长城精选蓝筹股票型证券投资基金,主板,1,2.49,1,2.49,100.0,100.0
中国工商银行-融通深证100指数证券投资基金,主板,2,16.03,2,16.03,100.0,100.0
中国工商银行-诺安平衡证券投资基金,主板,1,0.88,1,0.88,100.0,100.0
中国工商银行股份有限公司-平安中证粤港澳大湾区发展主题交易型开放式指数证券投资基金,主板,1,1.51,1,1.51,100.0,100.0
中国平安人寿保险股份有限公司,主板,1,4.86,1,4.86,100.0,100.0
中国平安人寿保险股份有限公司-传统-普通保险产品,主板,1,144.49,1,144.49,100.0,100.0
中国平安人寿保险股份有限公司-自有资金,主板,1,322.06,1,322.06,100.0,100.0
中国平安保险(集团)股份有限公司,主板,1,181.5,1,181.5,100.0,100.0
中国平安保险(集团)股份有限公司-集团本级-自有资金,主板,1,2142.69,1,2142.69,100.0,100.0
中国平安保险公司,主板,1,0.0,1,0.0,100.0,
中国建设银行-博时主题行业股票证券投资基金,主板,2,13.3,2,13.3,100.0,100.0
中国建设银行-博时裕富证券投资基金,主板,1,0.37,1,0.37,100.0,100.0
中国建设银行股份有限公司-华安聚优精选混合型证券投资基金,主板,1,0.34,1,0.34,100.0,100.0
中国建设银行股份有限公司-鹏华中证银行指数分级证券投资基金,主板,1,0.52,1,0.52,100.0,100.0
中国新技术创业投资公司,主板,1,4.77,1,4.77,100.0,100.0
中国民生银行-银华深证100指数分级证券投资基金,主板,2,8.12,2,8.12,100.0,100.0
中国民生银行股份有限公司-银华深证100指数分级证券投资基金,主板,2,2.81,2,2.81,100.0,100.0
中国证券金融股份有限公司,主板,2,99.37,2,99.37,100.0,100.0
中国银河证券股份有限公司,主板,1,6.13,1,6.13,100.0,100.0
中国银行-华夏回报证券投资基金,主板,1,1.05,1,1.05,100.0,100.0
中国银行-嘉实主题精选混合型证券投资基金,主板,1,0.7,1,0.7,100.0,100.0
中国银行-易方达平稳增长证券投资基金,主板,1,0.91,1,0.91,100.0,100.0
中国银行-易方达深证100交易型开放式指数证券投资基金,主板,2,20.71,2,20.71,100.0,100.0
中国银行股份有限公司-易方达优质精选混合型证券投资基金,主板,1,0.32,1,0.32,100.0,100.0
中国银行股份有限公司-易方达蓝筹精选混合型证券投资基金,主板,1,3.81,1,3.81,100.0,100.0
中央汇金投资有限责任公司,主板,1,1.26,1,1.26,100.0,100.0
中央汇金资产管理有限责任公司,主板,2,50.76,2,50.76,100.0,100.0
中欧基金-农业银行-中欧中证金融资产管理计划,主板,1,0.37,1,0.37,100.0,100.0
中电深圳工贸投资公司,主板,1,12.03,1,12.03,100.0,100.0
交通银行-易方达50指数证券投资基金,主板,1,1.48,1,1.48,100.0,100.0
交通银行股份有限公司-易方达上证50指数增强型证券投资基金,主板,1,0.95,1,0.95,100.0,100.0
全国社保基金一一七组合,主板,1,3.17,1,3.17,100.0,100.0
全国社保基金一一零组合,主板,1,5.3,1,5.3,100.0,100.0
全国社保基金一零三组合,主板,2,5.38,2,5.38,100.0,100.0
全国社保基金一零九组合,主板,1,0.31,1,0.31,100.0,100.0
全国社保基金一零二组合,主板,1,1.67,1,1.67,100.0,100.0
全国社保基金一零四组合,主板,1,1.94,1,1.94,100.0,100.0
全国社保基金零零一组合,主板,1,0.77,1,0.77,100.0,100.0
兴业银行股份有限公司-兴全趋势投资混合型证券投资基金,主板,1,1.8599999999999999,1,1.8599999999999999,100.0,100.0
兴业银行股份有限公司-工银瑞信金融地产行业股票型证券投资基金,主板,1,0.32,1,0.32,100.0,100.0
兴亚集团控股有限公司,主板,1,2.6100000000000003,1,2.6100000000000003,100.0,100.0
兴华证券投资基金,主板,1,2.52,1,2.52,100.0,100.0
内藤证券株式会社,主板,1,7.8,1,7.8,100.0,100.0
农业银行工会,主板,1,1.0,1,1.0,100.0,100.0
农业银行深圳分行工会,主板,1,10.0,1,10.0,100.0,100.0
刘元生,主板,1,67.21,1,67.21,100.0,100.0
前海人寿保险股份有限公司,主板,1,17.59,1,17.59,100.0,100.0
前海人寿保险股份有限公司-海利年年,主板,1,55.98,1,55.98,100.0,100.0
前海人寿保险股份有限公司-聚富产品,主板,1,15.17,1,15.17,100.0,100.0
前海人寿保险股份有限公司-自有资金,主板,1,2.8499999999999996,1,2.8499999999999996,100.0,100.0
北京银行股份有限公司-景顺长城景颐双利债券型证券投资基金,主板,1,0.23,1,0.23,100.0,100.0
华夏回报证券投资基金,主板,1,2.02,1,2.02,100.0,100.0
华夏成长证券投资基金,主板,2,3.34,2,3.34,100.0,100.0
华安证券有限责任公司,主板,1,9.67,1,9.67,100.0,100.0
华富基金-浦发银行-华富基金-浦发银行-吉渊投资定增2号资产管理计划,主板,1,2.0,1,2.0,100.0,100.0
华泰证券股份有限公司,主板,1,3.4799999999999995,1,3.4799999999999995,100.0,100.0
华润股份有限公司,主板,1,658.64,1,658.64,100.0,100.0
南方东英资产管理有限公司-南方富时中国A50ETF,主板,2,8.040000000000001,2,8.040000000000001,100.0,100.0
南方基金-农业银行-南方中证金融资产管理计划,主板,1,1.08,1,1.08,100.0,100.0
南方宝元债券型基金,主板,1,0.59,1,0.59,100.0,100.0
南方成份精选股票型证券投资基金,主板,1,1.8399999999999999,1,1.8399999999999999,100.0,100.0
南方稳健成长证券投资基金,主板,1,1.48,1,1.48,100.0,100.0
南方绩优成长股票型证券投资基金,主板,1,11.3,1,11.3,100.0,100.0
南方避险增值基金,主板,1,6.13,1,6.13,100.0,100.0
南方高增长股票型开放式证券投资基金,主板,1,2.3499999999999996,1,2.3499999999999996,100.0,100.0
南方高增长股票性开放式证券投资基金,主板,1,0.89,1,0.89,100.0,100.0
博时主题行业股票证券投资基金,主板,1,3.09,1,3.09,100.0,100.0
博时价值增长证券投资基金,主板,1,12.18,1,12.18,100.0,100.0
博时价值增长贰号证券投资基金,主板,1,0.67,1,0.67,100.0,100.0
博时新兴成长股票型证券投资基金,主板,1,1.5,1,1.5,100.0,100.0
博时第三产业成长股票证券投资基金,主板,1,2.93,1,2.93,100.0,100.0
博时精选股票证券投资基金,主板,1,0.97,1,0.97,100.0,100.0
博时裕富证券投资基金,主板,1,0.78,1,0.78,100.0,100.0
同盛证券投资基金,主板,1,2.7700000000000005,1,2.7700000000000005,100.0,100.0
君安代理有限公司,主板,1,5.73,1,5.73,100.0,100.0
嘉实稳健开放式证券投资基金,主板,1,1.52,1,1.52,100.0,100.0
国信证券-工商银行-国信金鹏分级1号集合资产管理计划,主板,1,121.41,1,121.41,100.0,100.0
国信证券有限责任公司,主板,1,3.96,1,3.96,100.0,100.0
国信证券股份有限公司客户信用交易担保证券账户,主板,1,0.41,1,0.41,100.0,100.0
国债服务部,主板,1,1.52,1,1.52,100.0,100.0
国泰君安-建行-香港上海汇丰银行有限公司,主板,1,1.83,1,1.83,100.0,100.0
国际金融-工行-CREDIT SUISSE(HONG KONG)LIMITED,主板,1,0.85,1,0.85,100.0,100.0
"国际金融-汇丰-JPMORGAN CHASE BANK,NATIONAL ASSOCIATION",主板,2,7.42,2,7.42,100.0,100.0
大家人寿保险股份有限公司-万能产品,主板,1,3.11,1,3.11,100.0,100.0
天元证券投资基金,主板,1,2.67,1,2.67,100.0,100.0
天治基金-民生银行-天治平安1号资产管理计划,主板,1,1.61,1,1.61,100.0,100.0
太平洋证券有限责任公司,主板,1,0.64,1,0.64,100.0,100.0
孟常春,主板,1,0.32,1,0.32,100.0,100.0
安本标准投资管理(亚洲)有限公司-安本标准-中国A股股票基金,主板,1,0.26,1,0.26,100.0,100.0
安邦人寿保险股份有限公司-保守型投资组合,主板,1,71.6,1,71.6,100.0,100.0
安邦人寿保险股份有限公司-稳健型投资组合,主板,1,4.26,1,4.26,100.0,100.0
安邦财产保险股份有限公司-传统产品,主板,1,30.409999999999997,1,30.409999999999997,100.0,100.0
工银瑞信基金-农业银行-工银瑞信中证金融资产管理计划,主板,1,1.1099999999999999,1,1.1099999999999999,100.0,100.0
广发小盘成长股票型证券投资基金,主板,1,0.61,1,0.61,100.0,100.0
广发聚丰股票型证券投资基金,主板,1,1.03,1,1.03,100.0,100.0
广州市欣盛投资有限公司,主板,1,9.54,1,9.54,100.0,100.0
建信优化配置混合型证券投资基金,主板,1,0.69,1,0.69,100.0,100.0
建设银行深圳分行工会,主板,1,3.8600000000000003,1,3.8600000000000003,100.0,100.0
张绍红,主板,1,2.27,1,2.27,100.0,100.0
德隆国际战略投资有限公司,主板,1,11.52,1,11.52,100.0,100.0
恒泰证券有限责任公司,主板,1,0.74,1,0.74,100.0,100.0
招商财富-招商银行-德赢1号专项资产管理计划,主板,1,66.69,1,66.69,100.0,100.0
招商银行股份有限公司-光大保德信优势配置股票型证券投资基金,主板,1,0.62,1,0.62,100.0,100.0
招商银行股份有限公司-兴全合宜灵活配置混合型证券投资基金(LOF),主板,1,0.28,1,0.28,100.0,100.0
招商银行股份有限公司-兴全合润混合型证券投资基金,主板,1,0.8,1,0.8,100.0,100.0
新华人寿保险股份有限公司-分红-个人分红-0 18L-FH002深,主板,1,0.29,1,0.29,100.0,100.0
新华人寿保险股份有限公司-分红-个人分红-018L-FH002深,主板,2,7.14,2,7.14,100.0,100.0
昆明国投,主板,1,0.34,1,0.34,100.0,100.0
易方达价值成长混合型证券投资基金,主板,1,0.69,1,0.69,100.0,100.0
易方达平稳增长证券投资基金,主板,1,2.12,1,2.12,100.0,100.0
易方达深证100交易型开放式指数证券投资基金,主板,1,3.65,1,3.65,100.0,100.0
易方达深证100交易型开放式指数证券投资基金(易方证基(2006)20),主板,1,0.67,1,0.67,100.0,100.0
易方达深证100交易型开放式指数证券投资基金(易方证基(2009)947),主板,1,0.79,1,0.79,100.0,100.0
易方达资产-浦发银行-易方达资产-浦发银行-吉渊投资定增1号资产管理计划,主板,1,2.0,1,2.0,100.0,100.0
普丰证券投资基金,主板,2,1.91,2,1.91,100.0,100.0
普惠证券投资基金,主板,1,0.67,1,0.67,100.0,100.0
景宏证券投资基金,主板,1,2.38,1,2.38,100.0,100.0
景福证券投资基金,主板,1,5.85,1,5.85,100.0,100.0
汇添富均衡增长股票型证券投资基金,主板,1,0.78,1,0.78,100.0,100.0
河南鸿宝企业管理有限公司,主板,1,3.5100000000000002,1,3.5100000000000002,100.0,100.0
河南鸿宝集团有限公司,主板,1,3.32,1,3.32,100.0,100.0
泰和证券投资基金,主板,1,0.79,1,0.79,100.0,100.0
泰达宏利基金-民生银行-泰达宏利价值成长定向增发193号资产管理计划,主板,1,0.72,1,0.72,100.0,100.0
海南省证券公司,主板,1,2.1500000000000004,1,2.1500000000000004,100.0,100.0
海南省证券公司营业部,主板,1,1.23,1,1.23,100.0,100.0
海通证券有限公司,主板,1,4.390000000000001,1,4.390000000000001,100.0,100.0
海通证券股份有限公司,主板,1,47.19,1,47.19,100.0,100.0
深圳中电投资股份有限公司,主板,1,154.57,1,154.57,100.0,100.0
深圳国债服务中心,主板,1,5.18,1,5.18,100.0,100.0
深圳国际信托投资公司,主板,1,93.94,1,93.94,100.0,100.0
深圳国际信托投资有限责任公司,主板,1,5.77,1,5.77,100.0,100.0
深圳城建集团,主板,1,4.9799999999999995,1,4.9799999999999995,100.0,100.0
深圳市上步实业股份有限公司,主板,1,0.4,1,0.4,100.0,100.0
深圳市众业经济发展中心,主板,1,0.98,1,0.98,100.0,100.0
深圳市保险公司,主板,1,2.84,1,2.84,100.0,100.0
深圳市劳动和社会保障局,主板,1,4.02,1,4.02,100.0,100.0
深圳市千泰安投资发展有限公司,主板,1,0.32,1,0.32,100.0,100.0
深圳市南油开发建设有限公司,主板,1,0.55,1,0.55,100.0,100.0
深圳市地铁集团有限公司,主板,1,746.42,1,746.42,100.0,100.0
深圳市城建开发集团公司,主板,1,18.48,1,18.48,100.0,100.0
深圳市宏业科技实业有限公司,主板,1,10.96,1,10.96,100.0,100.0
深圳市家乐实业发展公司,主板,1,0.3,1,0.3,100.0,100.0
深圳市建设银行工会,主板,1,1.1099999999999999,1,1.1099999999999999,100.0,100.0
深圳市投资管理公司,主板,2,153.9,2,153.9,100.0,100.0
深圳市教育发展基金会,主板,1,0.77,1,0.77,100.0,100.0
深圳市正顺资本控股有限公司,主板,1,1.8599999999999999,1,1.8599999999999999,100.0,100.0
深圳市深大通信股份有限公司,主板,1,0.35,1,0.35,100.0,100.0
深圳市社会保险公司,主板,1,20.099999999999998,1,20.099999999999998,100.0,100.0
深圳市社会保险管理局,主板,1,44.93,1,44.93,100.0,100.0
深圳市钜盛华股份有限公司,主板,1,184.6732,1,184.6732,100.0,100.0
深圳平安保险公司,主板,1,4.15,1,4.15,100.0,100.0
深圳建设银行工会,主板,1,0.46,1,0.46,100.0,100.0
深圳新一代实业有限公司,主板,1,13.0,1,13.0,100.0,100.0
深圳景汇实业公司,主板,1,0.4,1,0.4,100.0,100.0
深圳深大通信股份有限公司,主板,1,0.35,1,0.35,100.0,100.0
深圳盈嘉众实业合伙企业(有限合伙),主板,1,17.13,1,17.13,100.0,100.0
深圳盈安财务顾问企业(有限合伙),主板,1,4.76,1,4.76,100.0,100.0
深圳经济特区发展(集团)公司,主板,1,6.42,1,6.42,100.0,100.0
深圳金融界老干部联谊会,主板,1,0.94,1,0.94,100.0,100.0
深铁集团,主板,1,27.89,1,27.89,100.0,100.0
添发庆丰(常州)发展有限公司,主板,1,4.93,1,4.93,100.0,100.0
清华大学教育基金会,主板,1,0.45,1,0.45,100.0,100.0
瑞银资产管理(新加坡)有限公司-瑞银卢森堡投资SICAV,主板,1,0.24,1,0.24,100.0,100.0
申银万国-花旗-UBS LIMITED,主板,1,2.54,1,2.54,100.0,100.0
申银万国证券股份有限公司,主板,1,2.9400000000000004,1,2.9400000000000004,100.0,100.0
盈嘉众合伙企业,主板,1,3.77,1,3.77,100.0,100.0
盈安合伙企业,主板,1,1.05,1,1.05,100.0,100.0
葛卫东,主板,1,22.84,1,22.84,100.0,100.0
蛇口社会保险公司,主板,1,0.0,1,0.0,100.0,
融通新蓝筹证券投资基金,主板,1,8.57,1,8.57,100.0,100.0
融通深证100指数证券投资基金,主板,1,6.61,1,6.61,100.0,100.0
裕阳证券投资基金,主板,1,0.45,1,0.45,100.0,100.0
裕隆证券投资基金,主板,1,1.96,1,1.96,100.0,100.0
西部利得基金-建设银行-西部利得金裕1号资产管理计划,主板,1,20.4,1,20.4,100.0,100.0
诺安股票证券投资基金,主板,1,0.72,1,0.72,100.0,100.0
通乾证券投资基金,主板,1,0.77,1,0.77,100.0,100.0
银华优质增长股票性证券投资基金,主板,1,1.01,1,1.01,100.0,100.0
银河-渣打-CITIGROUP GLOBAL MARKETS LIMITED,主板,1,1.12,1,1.12,100.0,100.0
银河资本-渤海银行-银河资本-银河2号资产管理计划,主板,1,0.34,1,0.34,100.0,100.0
阳光人寿保险股份有限公司-分红保险产品,主板,1,0.8200000000000001,1,0.8200000000000001,100.0,100.0
陕西证券有限公司,主板,1,1.16,1,1.16,100.0,100.0
香港中央结算(代理人)有限公司,主板,1,573.6800000000001,1,573.6800000000001,100.0,100.0
香港中央结算有限公司(陆股通),主板,2,188.99,2,188.99,100.0,100.0
"高华-汇丰-GOLDMAN,SACHS & CO",主板,2,3.6,2,3.6,100.0,100.0
"高华-汇丰-GOLDMAN,SACHS&CO",主板,1,0.62,1,0.62,100.0,100.0
鹏华行业成长证券投资基金,主板,1,0.7,1,0.7,100.0,100.0
