﻿,main_sector,sector_percentage,total_companies
中国建设银行-博时主题行业股票证券投资基金,主板,100.0,2
新华人寿保险股份有限公司-分红-个人分红-018L-FH002深,主板,100.0,2
中国银行-易方达深证100交易型开放式指数证券投资基金,主板,100.0,2
深圳市投资管理公司,主板,100.0,2
全国社保基金一零三组合,主板,100.0,2
中国证券金融股份有限公司,主板,100.0,2
中国民生银行股份有限公司-银华深证100指数分级证券投资基金,主板,100.0,2
中国民生银行-银华深证100指数分级证券投资基金,主板,100.0,2
中国人寿保险股份有限公司-传统-普通保险产品-005L-CT001深,主板,100.0,2
"国际金融-汇丰-JPMORGAN CHASE BANK,NATIONAL ASSOCIATION",主板,100.0,2
中国人寿保险股份有限公司-分红-个人分红-005L-FH002深,主板,100.0,2
MORGAN STANLEY & CO. INTERNATIONAL PLC,主板,100.0,2
中央汇金资产管理有限责任公司,主板,100.0,2
中国工商银行-融通深证100指数证券投资基金,主板,100.0,2
华夏成长证券投资基金,主板,100.0,2
"高华-汇丰-GOLDMAN,SACHS & CO",主板,100.0,2
香港中央结算有限公司(陆股通),主板,100.0,2
普丰证券投资基金,主板,100.0,2
南方东英资产管理有限公司-南方富时中国A50ETF,主板,100.0,2
易方达资产-浦发银行-易方达资产-浦发银行-吉渊投资定增1号资产管理计划,主板,100.0,1
